ticker,stock_name,market,morning_peak_count,avg_drop,latest_close,shortable,day_trade,ng,detected_at,last_seen_at,status,am_peak_count,pm_peak_count,am_peak_ratio,recovery_rate
4584.T,キッズウェル・バイオ,グロース,3,-6.117510614062337,210.0,False,True,False,2025-12-14,2025-12-14,active,2,1,66.7,0.0
7422.T,東邦レマック,スタンダード,4,-7.045230771747594,540.0,False,True,False,2025-12-14,2025-12-14,active,4,0,100.0,0.0
3998.T,すららネット,グロース,3,-5.772487967114294,338.0,True,True,False,2025-12-14,2025-12-14,active,3,0,100.0,0.0
3077.T,ホリイフードサービス,スタンダード,4,-7.432992621102647,438.0,False,True,False,2025-12-14,2025-12-14,active,4,0,100.0,0.0
2934.T,ジェイフロンティア,グロース,3,-5.760592025114621,1311.0,False,True,False,2025-12-14,2025-12-14,active,3,0,100.0,0.0
4673.T,川崎地質,スタンダード,4,-6.020895804931372,4480.0,False,True,False,2025-12-14,2025-12-14,active,4,0,100.0,0.0
3189.T,ＡＮＡＰホールディングス,スタンダード,13,-6.835959099739126,350.0,False,True,False,2025-12-14,2025-12-14,active,10,3,76.9,0.0
2370.T,メディネット,グロース,11,-6.79134946000811,30.0,False,False,True,2025-12-14,2025-12-14,active,11,0,100.0,0.0
7777.T,スリー・ディー・マトリックス,グロース,10,-6.855659120714411,368.0,False,True,False,2025-12-14,2025-12-14,active,10,0,100.0,0.0
7111.T,ＩＮＥＳＴ,スタンダード,8,-6.886751265238487,523.0,False,True,False,2025-12-14,2025-12-14,active,7,1,87.5,0.0
5572.T,Ｒｉｄｇｅ−ｉ,グロース,5,-6.044875437719638,2220.0,False,True,False,2025-12-14,2025-12-14,active,5,0,100.0,0.0
8127.T,ヤマトインターナショナル,スタンダード,3,-7.133786848072563,472.0,False,True,False,2025-12-14,2025-12-14,active,3,0,100.0,0.0
6629.T,テクノホライゾン,スタンダード,8,-7.2977434760411795,808.0,True,True,False,2025-12-14,2025-12-14,active,6,2,75.0,0.0
3747.T,インタートレード,スタンダード,23,-7.861398892448569,666.0,True,True,False,2025-12-14,2025-12-14,active,19,4,82.6,0.0
5590.T,ネットスターズ,グロース,4,-7.491198589947905,883.0,True,True,False,2025-12-14,2025-12-14,active,4,0,100.0,0.0
3446.T,ジェイテックコーポレーション,スタンダード,8,-6.869348966677388,1204.0,True,True,False,2025-12-14,2025-12-14,active,8,0,100.0,0.0
1382.T,ホーブ,スタンダード,11,-12.17299381055068,1794.0,False,True,False,2025-12-14,2025-12-14,active,6,5,54.5,0.0
2667.T,イメージ　ワン,スタンダード,7,-6.267118413556174,154.0,False,True,False,2025-12-14,2025-12-14,active,7,0,100.0,0.0
4412.T,サイエンスアーツ,グロース,7,-5.6910539166635274,1599.0,False,True,False,2025-12-14,2025-12-14,active,7,0,100.0,0.0
4833.T,Ｄｅｆ　ｃｏｎｓｕｌｔｉｎｇ,グロース,25,-8.712241626762609,61.0,False,False,True,2025-12-14,2025-12-14,active,22,3,88.0,0.0
8836.T,ＲＩＳＥ,スタンダード,7,-5.905895275643175,31.0,False,False,True,2025-12-14,2025-12-14,active,6,1,85.7,0.0
9215.T,ＣａＳｙ,グロース,7,-9.540143644106971,899.0,False,True,False,2025-12-14,2025-12-14,active,7,0,100.0,0.0
219A.T,Ｈｅａｒｔｓｅｅｄ,グロース,10,-8.293355079777038,1924.0,True,True,False,2025-12-14,2025-12-14,active,9,1,90.0,0.0
4576.T,デ・ウエスタン・セラピテクス研究所,グロース,6,-11.219120839801278,99.0,False,True,False,2025-12-14,2025-12-14,active,6,0,100.0,0.0
276A.T,ククレブ・アドバイザーズ,グロース,9,-8.97314019446366,2686.0,False,True,False,2025-12-14,2025-12-14,active,9,0,100.0,0.0
9227.T,マイクロ波化学,グロース,10,-6.346718164966999,677.0,False,True,False,2025-12-14,2025-12-14,active,8,2,80.0,0.0
5243.T,ｎｏｔｅ,グロース,11,-7.1992705218524256,1454.0,False,True,False,2025-12-14,2025-12-14,active,10,1,90.9,0.0
3672.T,オルトプラス,スタンダード,9,-5.936485724948516,57.0,False,False,True,2025-12-14,2025-12-14,active,8,1,88.9,0.0
4478.T,フリー,グロース,4,-6.420098307518731,2951.0,True,True,False,2025-12-14,2025-12-14,active,4,0,100.0,0.0
135A.T,ＶＲＡＩＮ　Ｓｏｌｕｔｉｏｎ,グロース,7,-5.598411330769589,3235.0,False,True,False,2025-12-14,2025-12-14,active,7,0,100.0,0.0
7356.T,Ｒｅｔｔｙ,グロース,7,-10.665554916138527,150.0,False,True,False,2025-12-14,2025-12-14,active,7,0,100.0,0.0
3928.T,マイネット,スタンダード,5,-9.341674598010007,247.0,False,True,False,2025-12-14,2025-12-14,active,4,1,80.0,0.0
8254.T,さいか屋,スタンダード,6,-7.699633972027236,372.0,False,True,False,2025-12-14,2025-12-14,active,6,0,100.0,0.0
7035.T,ａｎｄ　ｆａｃｔｏｒｙ,スタンダード,4,-8.21190983236985,210.0,False,True,False,2025-12-14,2025-12-14,active,3,1,75.0,0.0
4175.T,ｃｏｌｙ,グロース,3,-5.694160887353319,1770.0,False,True,False,2025-12-14,2025-12-14,active,3,0,100.0,0.0
7014.T,名村造船所,スタンダード,5,-6.662812981100528,4140.0,True,True,False,2025-12-14,2025-12-14,active,5,0,100.0,0.0
4382.T,ＨＥＲＯＺ,スタンダード,3,-5.251714139934453,915.0,True,True,False,2025-12-14,2025-12-14,active,3,0,100.0,0.0
6335.T,東京機械製作所,スタンダード,9,-9.62482858980707,463.0,False,True,False,2025-12-14,2025-12-14,active,9,0,100.0,0.0
4255.T,ＴＨＥＣＯＯ,グロース,6,-8.612716217021184,1853.0,False,True,False,2025-12-14,2025-12-14,active,5,1,83.3,0.0
6521.T,オキサイド,グロース,9,-6.383044300168566,1429.0,False,True,False,2025-12-14,2025-12-14,active,8,1,88.9,0.0
1965.T,テクノ菱和,スタンダード,3,-5.720433260927784,6620.0,True,True,False,2025-12-14,2025-12-14,active,3,0,100.0,0.0
1491.T,中外鉱業,スタンダード,5,-8.237286366560252,721.0,False,True,False,2025-12-14,2025-12-14,active,5,0,100.0,0.0
9345.T,ビズメイツ,グロース,4,-7.282174592161621,753.0,False,True,False,2025-12-14,2025-12-14,active,4,0,100.0,0.0
5216.T,倉元製作所,スタンダード,9,-7.617450296352967,176.0,False,True,False,2025-12-14,2025-12-14,active,8,1,88.9,0.0
6666.T,リバーエレテック,スタンダード,7,-7.420944172612378,453.0,False,True,False,2025-12-14,2025-12-14,active,6,1,85.7,0.0
7131.T,のむら産業,スタンダード,4,-5.921900591920666,2678.0,False,True,False,2025-12-14,2025-12-14,active,3,1,75.0,0.0
5858.T,ＳＴＧ,グロース,5,-6.666185205764454,1566.0,False,True,False,2025-12-14,2025-12-14,active,5,0,100.0,0.0
4379.T,Ｐｈｏｔｏｓｙｎｔｈ,グロース,3,-6.662495927012056,356.0,False,True,False,2025-12-14,2025-12-14,active,3,0,100.0,0.0
9399.T,ビート・ホールディングス・リミテッド（貝徳控股有限公司）,スタンダード,16,-8.714663491033367,87.0,False,False,True,2025-12-14,2025-12-14,active,16,0,100.0,0.0
8013.T,ナイガイ,スタンダード,14,-8.320443749821125,281.0,False,True,False,2025-12-14,2025-12-14,active,10,4,71.4,0.0
6696.T,トラース・オン・プロダクト,グロース,4,-9.808884831365258,303.0,False,True,False,2025-12-14,2025-12-14,active,3,1,75.0,0.0
4586.T,メドレックス,グロース,17,-9.609778602131149,115.0,False,True,False,2025-12-14,2025-12-14,active,15,2,88.2,0.0
3377.T,バイク王＆カンパニー,スタンダード,4,-6.235567085110463,399.0,False,True,False,2025-12-14,2025-12-14,active,3,1,75.0,0.0
3692.T,ＦＦＲＩセキュリティ,グロース,13,-7.364916659785932,7210.0,True,False,False,2025-12-14,2025-12-14,active,12,1,92.3,0.0
5125.T,ファインズ,グロース,3,-8.807849486969781,623.0,False,True,False,2025-12-14,2025-12-14,active,3,0,100.0,0.0
6228.T,ジェイ・イー・ティ,スタンダード,4,-6.249642466167104,681.0,False,True,False,2025-12-14,2025-12-14,active,4,0,100.0,0.0
8040.T,東京ソワール,スタンダード,3,-8.132984035882112,1077.0,False,True,False,2025-12-14,2025-12-14,active,3,0,100.0,0.0
6203.T,豊和工業,スタンダード,3,-6.583177005412941,1206.0,True,True,False,2025-12-14,2025-12-14,active,3,0,100.0,0.0
4165.T,プレイド,グロース,4,-6.587582642511099,790.0,True,True,False,2025-12-14,2025-12-14,active,4,0,100.0,0.0
6016.T,ジャパンエンジンコーポレーション,スタンダード,12,-6.31781005002667,13870.0,False,True,False,2025-12-14,2025-12-14,active,11,1,91.7,0.0
5268.T,旭コンクリート工業,スタンダード,4,-6.141095623159794,1021.0,False,True,False,2025-12-14,2025-12-14,active,4,0,100.0,0.0
4664.T,アール・エス・シー,スタンダード,12,-12.578720567857607,1163.0,False,True,False,2025-12-14,2025-12-14,active,9,3,75.0,0.0
9327.T,イー・ロジット,スタンダード,6,-9.082777039223373,243.0,False,True,False,2025-12-14,2025-12-14,active,5,1,83.3,0.0
6324.T,ハーモニック・ドライブ・システムズ,スタンダード,8,-6.488630988028384,3945.0,True,True,False,2025-12-14,2025-12-14,active,8,0,100.0,0.0
4427.T,ＥｄｕＬａｂ,グロース,4,-9.850073227922806,264.0,False,True,False,2025-12-14,2025-12-14,active,3,1,75.0,0.0
7992.T,セーラー万年筆,スタンダード,5,-11.644716074933743,106.0,False,True,False,2025-12-14,2025-12-14,active,4,1,80.0,0.0
7615.T,京都きもの友禅ホールディングス,スタンダード,16,-8.621001341790613,151.0,False,True,False,2025-12-14,2025-12-14,active,14,2,87.5,0.0
2375.T,ギグワークス,スタンダード,3,-7.700670559320348,233.0,False,True,False,2025-12-14,2025-12-14,active,3,0,100.0,0.0
4288.T,アズジェント,スタンダード,3,-6.316947718074413,632.0,False,True,False,2025-12-14,2025-12-14,active,3,0,100.0,0.0
6659.T,メディアリンクス,スタンダード,3,-5.272904483430799,50.0,False,False,True,2025-12-14,2025-12-14,active,3,0,100.0,0.0
4222.T,児玉化学工業,スタンダード,7,-6.027010148798069,690.0,False,True,False,2025-12-14,2025-12-14,active,7,0,100.0,0.0
5254.T,Ａｒｅｎｔ,グロース,5,-6.0136541641478045,2465.0,False,True,False,2025-12-14,2025-12-14,active,5,0,100.0,0.0
2216.T,カンロ,スタンダード,3,-8.197571625371454,1455.0,True,True,False,2025-12-14,2025-12-14,active,3,0,100.0,0.0
7746.T,岡本硝子,スタンダード,29,-8.911269648015862,301.0,False,True,False,2025-12-14,2025-12-14,active,25,4,86.2,0.0
3856.T,Ａｂａｌａｎｃｅ,スタンダード,8,-7.5067650326738,693.0,False,True,False,2025-12-14,2025-12-14,active,8,0,100.0,0.0
6378.T,木村化工機,スタンダード,5,-6.059135087602284,1272.0,True,True,False,2025-12-14,2025-12-14,active,5,0,100.0,0.0
5817.T,ＪＭＡＣＳ,スタンダード,10,-9.955256152462972,727.0,False,True,False,2025-12-14,2025-12-14,active,5,5,50.0,0.0
3409.T,北紡,スタンダード,14,-9.378403467652051,114.0,False,False,True,2025-12-14,2025-12-14,active,12,2,85.7,0.0
4240.T,クラスターテクノロジー,グロース,5,-6.431941729113182,301.0,False,True,False,2025-12-14,2025-12-14,active,4,1,80.0,0.0
2962.T,テクニスコ,スタンダード,23,-10.017782027220715,369.0,False,True,False,2025-12-14,2025-12-14,active,22,1,95.7,0.0
6838.T,多摩川ホールディングス,スタンダード,3,-8.043617706595116,702.0,False,True,False,2025-12-14,2025-12-14,active,2,1,66.7,0.0
4720.T,城南進学研究社,スタンダード,7,-11.614517348091052,274.0,False,True,False,2025-12-14,2025-12-14,active,3,4,42.9,0.0
6018.T,阪神内燃機工業,スタンダード,3,-6.408066307582881,3905.0,False,True,False,2025-12-14,2025-12-14,active,3,0,100.0,0.0
7501.T,ティムコ,スタンダード,11,-8.504980647435827,1391.0,False,True,False,2025-12-14,2025-12-14,active,10,1,90.9,0.0
5885.T,ジーデップ・アドバンス,スタンダード,6,-7.838148520821284,2991.0,False,True,False,2025-12-14,2025-12-14,active,6,0,100.0,0.0
7771.T,日本精密,スタンダード,3,-8.198505198505197,84.0,False,False,True,2025-12-14,2025-12-14,active,3,0,100.0,0.0
3133.T,海帆,グロース,5,-7.111185400321148,418.0,False,True,False,2025-12-14,2025-12-14,active,5,0,100.0,0.0
9878.T,セキド,スタンダード,6,-6.873880043509785,471.0,False,True,False,2025-12-14,2025-12-14,active,4,2,66.7,0.0
6255.T,エヌ・ピー・シー,グロース,5,-7.544826285320549,712.0,True,True,False,2025-12-14,2025-12-14,active,4,1,80.0,0.0
4499.T,Ｓｐｅｅｅ,スタンダード,12,-7.392162635865623,2456.0,True,True,False,2025-12-14,2025-12-14,active,11,1,91.7,0.0
298A.T,ＧＶＡ　ＴＥＣＨ,グロース,3,-8.087589480641133,458.0,False,True,False,2025-12-14,2025-12-14,active,3,0,100.0,0.0
6190.T,フェニックスバイオ,グロース,13,-9.775318051197564,511.0,False,True,False,2025-12-14,2025-12-14,active,13,0,100.0,0.0
4393.T,バンク・オブ・イノベーション,グロース,4,-6.2249562086936,5870.0,True,True,False,2025-12-14,2025-12-14,active,4,0,100.0,0.0
7162.T,アストマックス,スタンダード,4,-10.583185519331032,227.0,False,True,False,2025-12-14,2025-12-14,active,3,1,75.0,0.0
5131.T,リンカーズ,グロース,17,-9.1065093469762,160.0,True,True,False,2025-12-14,2025-12-14,active,14,3,82.4,0.0
7360.T,オンデック,グロース,4,-11.491897237309,756.0,False,True,False,2025-12-14,2025-12-14,active,4,0,100.0,0.0
206A.T,ＰＲＩＳＭ　ＢｉｏＬａｂ,グロース,9,-10.444680877585007,154.0,False,True,False,2025-12-14,2025-12-14,active,9,0,100.0,0.0
7359.T,東京通信グループ,グロース,4,-7.121757674928169,291.0,False,True,False,2025-12-14,2025-12-14,active,3,1,75.0,0.0
8518.T,日本アジア投資,スタンダード,4,-14.552590143886398,205.0,False,True,False,2025-12-14,2025-12-14,active,2,2,50.0,0.0
4019.T,スタメン,グロース,5,-6.90086220035059,738.0,True,True,False,2025-12-14,2025-12-14,active,5,0,100.0,0.0
341A.T,トヨコー,グロース,6,-6.625565057164855,2062.0,False,True,False,2025-12-14,2025-12-14,active,6,0,100.0,0.0
4256.T,サインド,グロース,3,-5.158426347225628,1281.0,False,True,False,2025-12-14,2025-12-14,active,3,0,100.0,0.0
3858.T,ユビキタスＡＩ,スタンダード,7,-7.277148971687737,363.0,False,True,False,2025-12-14,2025-12-14,active,5,2,71.4,0.0
247A.T,Ａｉロボティクス,グロース,10,-6.985921014257903,1221.0,False,True,False,2025-12-14,2025-12-14,active,10,0,100.0,0.0
4418.T,ＪＤＳＣ,グロース,12,-7.9199312801247155,1199.0,False,True,False,2025-12-14,2025-12-14,active,11,1,91.7,0.0
7375.T,リファインバースグループ,グロース,3,-8.693342769657638,782.0,False,True,False,2025-12-14,2025-12-14,active,2,1,66.7,0.0
4960.T,ケミプロ化成,スタンダード,6,-10.064022514772375,306.0,False,True,False,2025-12-14,2025-12-14,active,6,0,100.0,0.0
9647.T,協和コンサルタンツ,スタンダード,3,-7.74138174297688,6660.0,False,True,False,2025-12-14,2025-12-14,active,2,1,66.7,0.0
168A.T,イタミアート,グロース,8,-7.563208252810334,1370.0,False,True,False,2025-12-14,2025-12-14,active,6,2,75.0,0.0
4888.T,ステラファーマ,グロース,7,-7.441077734342081,241.0,False,True,False,2025-12-14,2025-12-14,active,7,0,100.0,0.0
7719.T,東京衡機,スタンダード,5,-9.472044047125394,284.0,False,True,False,2025-12-14,2025-12-14,active,4,1,80.0,0.0
4771.T,エフアンドエム,スタンダード,3,-6.218584297532234,2442.0,True,True,False,2025-12-14,2025-12-14,active,3,0,100.0,0.0
7063.T,Ｂｉｒｄｍａｎ,グロース,14,-7.929884092612755,156.0,False,True,False,2025-12-14,2025-12-14,active,14,0,100.0,0.0
5337.T,ダントーホールディングス,スタンダード,7,-7.034510179154384,582.0,False,True,False,2025-12-14,2025-12-14,active,7,0,100.0,0.0
3223.T,エスエルディー,スタンダード,3,-12.100319594240688,1076.0,False,True,False,2025-12-14,2025-12-14,active,2,1,66.7,0.0
3647.T,ジー・スリーホールディングス,スタンダード,9,-9.092311660408631,125.0,False,True,False,2025-12-14,2025-12-14,active,8,1,88.9,0.0
3113.T,ＵＮＩＶＡ・Ｏａｋホールディングス,スタンダード,4,-8.890886890146257,62.0,False,False,True,2025-12-14,2025-12-14,active,4,0,100.0,0.0
3798.T,ＵＬＳグループ,スタンダード,4,-5.542468200103903,562.0,False,True,False,2025-12-14,2025-12-14,active,4,0,100.0,0.0
8143.T,ラピーヌ,スタンダード,6,-7.670586641401374,209.0,False,True,False,2025-12-14,2025-12-14,active,5,1,83.3,0.0
7794.T,イーディーピー,グロース,7,-6.984702665389064,388.0,False,True,False,2025-12-14,2025-12-14,active,6,1,85.7,0.0
6648.T,かわでん,スタンダード,4,-6.838280358252657,9370.0,False,True,False,2025-12-14,2025-12-14,active,4,0,100.0,0.0
4417.T,グローバルセキュリティエキスパート,グロース,4,-6.117526682979078,3065.0,False,True,False,2025-12-14,2025-12-14,active,4,0,100.0,0.0
241A.T,ＲＯＸＸ,グロース,6,-5.975931186111488,434.0,True,True,False,2025-12-14,2025-12-14,active,6,0,100.0,0.0
7505.T,扶桑電通,スタンダード,3,-7.125565453622792,1786.0,False,True,False,2025-12-14,2025-12-14,active,3,0,100.0,0.0
8946.T,ＡＳＩＡＮ　ＳＴＡＲ,スタンダード,5,-6.78709631715076,75.0,False,False,True,2025-12-14,2025-12-14,active,5,0,100.0,0.0
5138.T,Ｒｅｂａｓｅ,グロース,4,-8.65117497590259,787.0,False,True,False,2025-12-14,2025-12-14,active,2,2,50.0,0.0
5246.T,ＥＬＥＭＥＮＴＳ,グロース,10,-7.440377676336418,523.0,False,True,False,2025-12-14,2025-12-14,active,8,2,80.0,0.0
6625.T,ＪＡＬＣＯホールディングス,スタンダード,3,-6.983919373511978,400.0,True,True,False,2025-12-14,2025-12-14,active,3,0,100.0,0.0
3491.T,ＧＡ　ｔｅｃｈｎｏｌｏｇｉｅｓ,グロース,3,-5.802909818141306,2037.0,False,True,False,2025-12-14,2025-12-14,active,3,0,100.0,0.0
3803.T,イメージ情報開発,グロース,14,-8.84464368698856,525.0,False,True,False,2025-12-14,2025-12-14,active,13,1,92.9,0.0
7462.T,ＣＡＰＩＴＡ,スタンダード,4,-9.203822365548922,511.0,False,False,True,2025-12-14,2025-12-14,active,3,1,75.0,0.0
4059.T,まぐまぐ,スタンダード,4,-6.243217709056618,556.0,False,True,False,2025-12-14,2025-12-14,active,3,1,75.0,0.0
5985.T,サンコール,スタンダード,16,-6.797280731377819,995.0,True,True,False,2025-12-14,2025-12-14,active,15,1,93.8,0.0
5952.T,アマテイ,スタンダード,6,-9.576836629207879,183.0,False,True,False,2025-12-14,2025-12-14,active,4,2,66.7,0.0
4415.T,ブロードエンタープライズ,グロース,3,-6.231079786407077,1008.0,False,True,False,2025-12-14,2025-12-14,active,3,0,100.0,0.0
336A.T,ダイナミックマッププラットフォーム,グロース,6,-6.496179985058919,554.0,False,True,False,2025-12-14,2025-12-14,active,6,0,100.0,0.0
5618.T,ナイル,グロース,3,-5.926869694985637,350.0,False,True,False,2025-12-14,2025-12-14,active,3,0,100.0,0.0
5103.T,昭和ホールディングス,スタンダード,4,-7.691584452191974,47.0,False,False,True,2025-12-14,2025-12-14,active,3,1,75.0,0.0
278A.T,Ｔｅｒｒａ　Ｄｒｏｎｅ,グロース,7,-6.348319571752448,2329.0,False,True,False,2025-12-14,2025-12-14,active,6,1,85.7,0.0
9326.T,関通,グロース,3,-6.232322288379213,411.0,False,True,False,2025-12-14,2025-12-14,active,3,0,100.0,0.0
2459.T,アウンコンサルティング,スタンダード,15,-11.169010250647178,264.0,False,True,False,2025-12-14,2025-12-14,active,14,1,93.3,0.0
142A.T,ジンジブ,グロース,6,-7.09852988168763,657.0,False,True,False,2025-12-14,2025-12-14,active,5,1,83.3,0.0
248A.T,キッズスター,グロース,6,-6.480366268498436,1805.0,False,True,False,2025-12-14,2025-12-14,active,6,0,100.0,0.0
4069.T,ＢｌｕｅＭｅｍｅ,グロース,6,-8.424975854537028,1370.0,False,True,False,2025-12-14,2025-12-14,active,6,0,100.0,0.0
153A.T,カウリス,グロース,6,-8.697945909752738,1391.0,True,True,False,2025-12-14,2025-12-14,active,6,0,100.0,0.0
9553.T,マイクロアド,グロース,9,-6.6271624381879235,573.0,True,True,False,2025-12-14,2025-12-14,active,9,0,100.0,0.0
6731.T,ピクセラ,スタンダード,9,-7.441513713091014,38.0,False,False,True,2025-12-14,2025-12-14,active,9,0,100.0,0.0
4479.T,マクアケ,グロース,3,-6.102125090824124,762.0,False,True,False,2025-12-14,2025-12-14,active,3,0,100.0,0.0
4571.T,ＮＡＮＯ　ＭＲＮＡ,グロース,6,-12.582370315657272,146.0,False,True,False,2025-12-14,2025-12-14,active,6,0,100.0,0.0
2700.T,木徳神糧,スタンダード,7,-7.3483079512361025,2954.0,False,True,False,2025-12-14,2025-12-14,active,7,0,100.0,0.0
8938.T,グローム・ホールディングス,グロース,7,-7.6275519569355055,380.0,False,False,True,2025-12-14,2025-12-14,active,7,0,100.0,0.0
6085.T,アーキテクツ・スタジオ・ジャパン,グロース,15,-8.548742383332216,308.0,False,True,False,2025-12-14,2025-12-14,active,10,5,66.7,0.0
7352.T,ＴＷＯＳＴＯＮＥ＆Ｓｏｎｓ,グロース,3,-5.501270802499763,745.0,False,True,False,2025-12-14,2025-12-14,active,3,0,100.0,0.0
6840.T,ＡＫＩＢＡホールディングス,スタンダード,9,-7.126608804526888,449.0,False,True,False,2025-12-14,2025-12-14,active,8,1,88.9,0.0
7711.T,助川電気工業,スタンダード,29,-8.57684682611353,6420.0,False,True,False,2025-12-14,2025-12-14,active,26,3,89.7,0.0
9610.T,ウィルソン・ラーニング　ワールドワイド,スタンダード,15,-10.523227354385654,218.0,False,True,False,2025-12-14,2025-12-14,active,15,0,100.0,0.0
4616.T,川上塗料,スタンダード,3,-6.72509519711748,1865.0,False,True,False,2025-12-14,2025-12-14,active,3,0,100.0,0.0
2315.T,ＣＡＩＣＡ　ＤＩＧＩＴＡＬ,スタンダード,19,-8.261927021235861,99.0,True,True,False,2025-12-14,2025-12-14,active,19,0,100.0,0.0
2586.T,フルッタフルッタ,グロース,13,-8.870065337422727,121.0,False,True,False,2025-12-14,2025-12-14,active,12,1,92.3,0.0
8912.T,エリアクエスト,スタンダード,6,-10.02072266651655,153.0,False,True,False,2025-12-14,2025-12-14,active,5,1,83.3,0.0
9476.T,中央経済社ホールディングス,スタンダード,5,-7.307804703367298,828.0,False,False,True,2025-12-14,2025-12-14,active,3,2,60.0,0.0
7455.T,パリミキホールディングス,スタンダード,3,-7.260489946018393,579.0,False,True,False,2025-12-14,2025-12-14,active,1,2,33.3,0.0
1783.T,ｆａｎｔａｓｉｓｔａ,スタンダード,4,-6.308720519246835,56.0,False,False,True,2025-12-14,2025-12-14,active,4,0,100.0,0.0
4593.T,ヘリオス,グロース,9,-8.283891568405418,287.0,True,True,False,2025-12-14,2025-12-14,active,9,0,100.0,0.0
5132.T,ｐｌｕｓｚｅｒｏ,グロース,7,-5.955644766667553,2931.0,True,True,False,2025-12-14,2025-12-14,active,7,0,100.0,0.0
215A.T,タイミー,グロース,5,-7.007128211968824,1348.0,True,True,False,2025-12-14,2025-12-14,active,5,0,100.0,0.0
3556.T,リネットジャパングループ,グロース,6,-7.259973652828734,880.0,False,True,False,2025-12-14,2025-12-14,active,6,0,100.0,0.0
6469.T,放電精密加工研究所,スタンダード,4,-6.978931351346447,2130.0,False,True,False,2025-12-14,2025-12-14,active,4,0,100.0,0.0
9704.T,アゴーラ　ホスピタリティー　グループ,スタンダード,5,-5.58091503740378,52.0,False,False,True,2025-12-14,2025-12-14,active,4,1,80.0,0.0
155A.T,情報戦略テクノロジー,グロース,9,-7.958834019101226,1415.0,True,True,False,2025-12-14,2025-12-14,active,8,1,88.9,0.0
6231.T,木村工機,スタンダード,5,-6.318281790738857,12940.0,False,True,False,2025-12-14,2025-12-14,active,5,0,100.0,0.0
6081.T,アライドアーキテクツ,グロース,9,-11.202548406667859,219.0,False,True,False,2025-12-14,2025-12-14,active,9,0,100.0,0.0
7831.T,ウイルコホールディングス,スタンダード,6,-8.878675603988796,85.0,False,False,True,2025-12-14,2025-12-14,active,6,0,100.0,0.0
8105.T,Ｂｉｔｃｏｉｎ　Ｊａｐａｎ,スタンダード,31,-10.400278186250832,256.0,False,True,False,2025-12-14,2025-12-14,active,29,2,93.5,0.0
8746.T,ｕｎｂａｎｋｅｄ,スタンダード,5,-7.601830877968945,275.0,False,True,False,2025-12-14,2025-12-14,active,5,0,100.0,0.0
2673.T,夢みつけ隊,スタンダード,17,-10.507372706607496,200.0,False,True,False,2025-12-14,2025-12-14,active,16,1,94.1,0.0
6656.T,インスペック,スタンダード,3,-6.082434006649394,614.0,True,True,False,2025-12-14,2025-12-14,active,3,0,100.0,0.0
3181.T,買取王国,スタンダード,4,-7.45534224280577,885.0,False,True,False,2025-12-14,2025-12-14,active,3,1,75.0,0.0
2134.T,北浜キャピタルパートナーズ,スタンダード,27,-7.384132347930553,33.0,False,False,True,2025-12-14,2025-12-14,active,24,3,88.9,0.0
264A.T,Ｓｃｈｏｏ,グロース,7,-7.7743345069688585,625.0,False,True,False,2025-12-14,2025-12-14,active,6,1,85.7,0.0
6030.T,アドベンチャー,グロース,4,-5.7271047279234075,1614.0,False,True,False,2025-12-14,2025-12-14,active,4,0,100.0,0.0
4176.T,ココナラ,グロース,3,-5.6671694318753145,318.0,True,True,False,2025-12-14,2025-12-14,active,3,0,100.0,0.0
9270.T,バリュエンスホールディングス,グロース,4,-5.624329178051599,909.0,True,True,False,2025-12-14,2025-12-14,active,4,0,100.0,0.0
4419.T,Ｆｉｎａｔｅｘｔホールディングス,グロース,3,-6.456693042165366,875.0,False,True,False,2025-12-14,2025-12-14,active,3,0,100.0,0.0
3823.T,ＴＨＥ　ＷＨＹ　ＨＯＷ　ＤＯ　ＣＯＭＰＡＮＹ,スタンダード,12,-6.928802409786155,51.0,False,False,True,2025-12-14,2025-12-14,active,11,1,91.7,0.0
8742.T,小林洋行,スタンダード,3,-5.79950289975145,406.0,True,True,False,2025-12-14,2025-12-14,active,2,1,66.7,0.0
5255.T,モンスターラボ,グロース,8,-8.27435787875214,170.0,False,True,False,2025-12-14,2025-12-14,active,8,0,100.0,0.0
6834.T,精工技研,スタンダード,7,-6.3897031852206245,13290.0,True,True,False,2025-12-14,2025-12-14,active,7,0,100.0,0.0
9562.T,ビジネスコーチ,グロース,4,-7.509138169472923,2441.0,False,True,False,2025-12-14,2025-12-14,active,4,0,100.0,0.0
3698.T,ＣＲＩ・ミドルウェア,グロース,3,-10.681049375467808,1145.0,True,True,False,2025-12-14,2025-12-14,active,3,0,100.0,0.0
9254.T,ラバブルマーケティンググループ,グロース,3,-13.486945975584073,1324.0,False,True,False,2025-12-14,2025-12-14,active,2,1,66.7,0.0
202A.T,豆蔵,グロース,8,-8.407695380180826,3455.0,False,True,False,2025-12-14,2025-12-14,active,8,0,100.0,0.0
7523.T,アールビバン,スタンダード,4,-6.586353290111978,1691.0,False,False,True,2025-12-14,2025-12-14,active,2,2,50.0,0.0
3913.T,ＧｒｅｅｎＢｅｅ,グロース,5,-7.632655007717649,1264.0,False,True,False,2025-12-14,2025-12-14,active,4,1,80.0,0.0
3753.T,フライトソリューションズ,スタンダード,4,-11.644317294289548,152.0,False,True,False,2025-12-14,2025-12-14,active,3,1,75.0,0.0
7901.T,マツモト,スタンダード,6,-8.08669653750222,776.0,False,False,True,2025-12-14,2025-12-14,active,4,2,66.7,0.0
350A.T,デジタルグリッド,グロース,11,-6.415154473841366,779.0,False,True,False,2025-12-14,2025-12-14,active,10,1,90.9,0.0
4564.T,オンコセラピー・サイエンス,グロース,9,-8.169892279144104,21.0,False,False,True,2025-12-14,2025-12-14,active,9,0,100.0,0.0
5587.T,インバウンドプラットフォーム,グロース,6,-6.720864204516847,809.0,False,True,False,2025-12-14,2025-12-14,active,6,0,100.0,0.0
6343.T,フリージア・マクロス,スタンダード,3,-6.581580166298598,155.0,True,True,False,2025-12-14,2025-12-14,active,3,0,100.0,0.0
6637.T,寺崎電気産業,スタンダード,6,-6.850747866002951,4580.0,False,True,False,2025-12-14,2025-12-14,active,6,0,100.0,0.0
2385.T,総医研ホールディングス,グロース,4,-9.019932079092525,241.0,False,True,False,2025-12-14,2025-12-14,active,4,0,100.0,0.0
1827.T,ナカノフドー建設,スタンダード,3,-5.8725935105671985,1070.0,True,True,False,2025-12-14,2025-12-14,active,2,1,66.7,0.0
5950.T,日本パワーファスニング,スタンダード,3,-9.836060027875883,197.0,False,True,False,2025-12-14,2025-12-14,active,3,0,100.0,0.0
3905.T,データセクション,グロース,27,-9.208886627307065,2043.0,False,True,False,2025-12-14,2025-12-14,active,25,2,92.6,0.0
2926.T,篠崎屋,スタンダード,3,-7.140507531400808,91.0,False,True,False,2025-12-14,2025-12-14,active,2,1,66.7,0.0
431A.T,ユーソナー,グロース,11,-7.167489977820579,2625.0,False,True,False,2025-12-14,2025-12-14,active,11,0,100.0,0.0
218A.T,Ｌｉｂｅｒａｗａｒｅ,グロース,19,-8.46552918472439,1269.0,False,True,False,2025-12-14,2025-12-14,active,17,2,89.5,0.0
7082.T,ジモティー,グロース,5,-6.493069064040204,872.0,False,True,False,2025-12-14,2025-12-14,active,5,0,100.0,0.0
9271.T,和心,グロース,10,-7.228999811347083,822.0,False,True,False,2025-12-14,2025-12-14,active,9,1,90.0,0.0
9561.T,グラッドキューブ,グロース,6,-8.55789556235832,420.0,False,True,False,2025-12-14,2025-12-14,active,6,0,100.0,0.0
3479.T,ティーケーピー,グロース,3,-5.2724358315171616,1716.0,True,True,False,2025-12-14,2025-12-14,active,3,0,100.0,0.0
5987.T,オーネックス,スタンダード,3,-9.580149316812467,1736.0,False,True,False,2025-12-14,2025-12-14,active,3,0,100.0,0.0
137A.T,Ｃｏｃｏｌｉｖｅ,グロース,4,-7.549614615515636,1070.0,False,True,False,2025-12-14,2025-12-14,active,3,1,75.0,0.0
6380.T,オリエンタルチエン工業,スタンダード,10,-9.9187004992348,3035.0,False,True,False,2025-12-14,2025-12-14,active,8,2,80.0,0.0
9244.T,デジタリフト,グロース,3,-5.984803929220209,873.0,False,True,False,2025-12-14,2025-12-14,active,3,0,100.0,0.0
5843.T,ニッポンインシュア,スタンダード,3,-6.018158575953341,2678.0,False,True,False,2025-12-14,2025-12-14,active,3,0,100.0,0.0
3777.T,環境フレンドリーホールディングス,グロース,10,-5.921025145928903,43.0,False,False,True,2025-12-14,2025-12-14,active,9,1,90.0,0.0
9212.T,Ｇｒｅｅｎ　Ｅａｒｔｈ　Ｉｎｓｔｉｔｕｔｅ,グロース,6,-8.169263727867365,396.0,False,True,False,2025-12-14,2025-12-14,active,4,2,66.7,0.0
4370.T,モビルス,グロース,3,-6.032910440304669,374.0,False,True,False,2025-12-14,2025-12-14,active,3,0,100.0,0.0
4424.T,Ａｍａｚｉａ,グロース,8,-10.329111716834289,320.0,False,True,False,2025-12-14,2025-12-14,active,6,2,75.0,0.0
456A.T,ＨＵＭＡＮ　ＭＡＤＥ,グロース,5,-6.644887235770644,4315.0,False,True,False,2025-12-14,2025-12-14,active,3,2,60.0,0.0
3652.T,ディジタルメディアプロフェッショナル,グロース,8,-8.937698109813763,2360.0,False,True,False,2025-12-14,2025-12-14,active,7,1,87.5,0.0
1401.T,エムビーエス,グロース,5,-7.135986634852197,1319.0,False,True,False,2025-12-14,2025-12-14,active,5,0,100.0,0.0
4258.T,網屋,グロース,4,-6.278070174176752,2783.0,True,True,False,2025-12-14,2025-12-14,active,4,0,100.0,0.0
9353.T,櫻島埠頭,スタンダード,9,-7.757829419223536,2449.0,False,True,False,2025-12-14,2025-12-14,active,7,2,77.8,0.0
438A.T,インフキュリオン,グロース,10,-7.560698537596593,1401.0,False,True,False,2025-12-14,2025-12-14,active,10,0,100.0,0.0
6663.T,太洋テクノレックス,スタンダード,6,-8.542034340070929,253.0,False,True,False,2025-12-14,2025-12-14,active,4,2,66.7,0.0
6836.T,ぷらっとホーム,スタンダード,8,-8.465877565455179,901.0,False,True,False,2025-12-14,2025-12-14,active,8,0,100.0,0.0
4596.T,窪田製薬ホールディングス,グロース,14,-9.667786744301477,46.0,False,False,True,2025-12-14,2025-12-14,active,12,2,85.7,0.0
2437.T,Ｓｈｉｎｗａ　Ｗｉｓｅ　Ｈｏｌｄｉｎｇｓ,スタンダード,6,-7.724365803077503,309.0,False,True,False,2025-12-14,2025-12-14,active,5,1,83.3,0.0
7320.T,Ｓｏｌｖｖｙ,グロース,3,-7.148139149377218,1420.0,False,True,False,2025-12-14,2025-12-14,active,3,0,100.0,0.0
4814.T,ネクストウェア,スタンダード,14,-10.6139525687729,168.0,False,True,False,2025-12-14,2025-12-14,active,9,5,64.3,0.0
6276.T,シリウスビジョン,スタンダード,18,-12.487527570359669,326.0,False,True,False,2025-12-14,2025-12-14,active,17,1,94.4,0.0
6046.T,リンクバル,グロース,5,-9.891408741937756,136.0,False,True,False,2025-12-14,2025-12-14,active,2,3,40.0,0.0
8107.T,キムラタン,スタンダード,6,-6.510985574453066,31.0,False,False,True,2025-12-14,2025-12-14,active,6,0,100.0,0.0
265A.T,Ｈｍｃｏｍｍ,グロース,5,-7.747587005266626,974.0,False,True,False,2025-12-14,2025-12-14,active,5,0,100.0,0.0
228A.T,オプロ,グロース,4,-9.926470711714073,2181.0,False,True,False,2025-12-14,2025-12-14,active,4,0,100.0,0.0
4642.T,オリジナル設計,スタンダード,3,-9.316808833347302,1514.0,False,True,False,2025-12-14,2025-12-14,active,2,1,66.7,0.0
3079.T,ディーブイエックス,スタンダード,9,-9.843857512563863,1186.0,True,True,False,2025-12-14,2025-12-14,active,5,4,55.6,0.0
9211.T,エフ・コード,グロース,3,-6.15766453597417,1428.0,False,True,False,2025-12-14,2025-12-14,active,3,0,100.0,0.0
5599.T,Ｓ＆Ｊ,グロース,6,-6.289443782459835,1627.0,False,True,False,2025-12-14,2025-12-14,active,6,0,100.0,0.0
8226.T,理経,スタンダード,5,-7.456456291017567,429.0,False,True,False,2025-12-14,2025-12-14,active,5,0,100.0,0.0
3974.T,ＳＣＡＴ,スタンダード,3,-6.911658127036655,541.0,False,True,False,2025-12-14,2025-12-14,active,2,1,66.7,0.0
3370.T,フジタコーポレーション,スタンダード,11,-9.431312308173805,320.0,False,True,False,2025-12-14,2025-12-14,active,8,3,72.7,0.0
3185.T,夢展望,グロース,13,-8.957816867431504,217.0,False,True,False,2025-12-14,2025-12-14,active,12,1,92.3,0.0
6492.T,岡野バルブ製造,スタンダード,4,-7.233603925406289,7980.0,False,True,False,2025-12-14,2025-12-14,active,3,1,75.0,0.0
7318.T,セレンディップ・ホールディングス,グロース,14,-13.065478450426609,1014.0,False,True,False,2025-12-14,2025-12-14,active,14,0,100.0,0.0
2342.T,トランスジェニックグループ,グロース,7,-13.311236894885765,258.0,False,True,False,2025-12-14,2025-12-14,active,7,0,100.0,0.0
3988.T,ＳＹＳホールディングス,スタンダード,3,-5.8010215508417176,578.0,False,True,False,2025-12-14,2025-12-14,active,3,0,100.0,0.0
9973.T,ＫＯＺＯホールディングス,スタンダード,11,-7.904448089913137,33.0,False,False,True,2025-12-14,2025-12-14,active,10,1,90.9,0.0
8995.T,誠建設工業,スタンダード,16,-9.629242014949892,915.0,False,True,False,2025-12-14,2025-12-14,active,14,2,87.5,0.0
4374.T,ＲＯＢＯＴ　ＰＡＹＭＥＮＴ,グロース,4,-5.751879117128263,3075.0,False,True,False,2025-12-14,2025-12-14,active,2,2,50.0,0.0
5029.T,サークレイス,グロース,5,-6.000522505471027,1050.0,False,True,False,2025-12-14,2025-12-14,active,5,0,100.0,0.0
325A.T,ＴＥＮＴＩＡＬ,グロース,3,-7.21663844010876,3960.0,True,True,False,2025-12-14,2025-12-14,active,3,0,100.0,0.0
7037.T,テノ．ホールディングス,スタンダード,4,-11.571666723129283,942.0,False,True,False,2025-12-14,2025-12-14,active,3,1,75.0,0.0
4425.T,Ｋｕｄａｎ,グロース,8,-7.443306826388901,1217.0,False,True,False,2025-12-14,2025-12-14,active,7,1,87.5,0.0
303A.T,ｖｉｓｕｍｏ,グロース,13,-8.76541929548736,967.0,False,True,False,2025-12-14,2025-12-14,active,7,6,53.8,0.0
148A.T,ハッチ・ワーク,グロース,7,-6.378063865545586,1902.0,False,True,False,2025-12-14,2025-12-14,active,7,0,100.0,0.0
1711.T,ＳＤＳホールディングス,スタンダード,5,-6.5129609966537485,267.0,False,True,False,2025-12-14,2025-12-14,active,5,0,100.0,0.0
7985.T,ネポン,スタンダード,9,-11.07618903063895,1471.0,False,True,False,2025-12-14,2025-12-14,active,8,1,88.9,0.0
3422.T,Ｊ−ＭＡＸ,スタンダード,3,-6.259144565634048,440.0,False,True,False,2025-12-14,2025-12-14,active,3,0,100.0,0.0
6224.T,ＪＲＣ,グロース,3,-5.531571962959167,1329.0,False,True,False,2025-12-14,2025-12-14,active,3,0,100.0,0.0
186A.T,アストロスケールホールディングス,グロース,6,-6.990339274636317,639.0,True,True,False,2025-12-14,2025-12-14,active,6,0,100.0,0.0
7115.T,アルファパーチェス,スタンダード,8,-5.980025110339589,2170.0,False,True,False,2025-12-14,2025-12-14,active,7,1,87.5,0.0
6232.T,ＡＣＳＬ,グロース,6,-7.2905801691777254,956.0,False,True,False,2025-12-14,2025-12-14,active,6,0,100.0,0.0
9213.T,セイファート,スタンダード,14,-12.206233282825352,735.0,False,True,False,2025-12-14,2025-12-14,active,8,6,57.1,0.0
4840.T,トライアイズ,グロース,4,-7.808972240252138,497.0,False,True,False,2025-12-14,2025-12-14,active,4,0,100.0,0.0
4287.T,ジャストプランニング,スタンダード,3,-5.631087626003026,447.0,False,True,False,2025-12-14,2025-12-14,active,3,0,100.0,0.0
146A.T,コロンビア・ワークス,スタンダード,3,-7.906967277919992,3170.0,False,True,False,2025-12-14,2025-12-14,active,3,0,100.0,0.0
2901.T,ウェルディッシュ,スタンダード,6,-9.829730538309983,440.0,False,True,False,2025-12-14,2025-12-14,active,5,1,83.3,0.0
343A.T,ＩＡＣＥトラベル,スタンダード,3,-5.948568577267705,1608.0,False,True,False,2025-12-14,2025-12-14,active,2,1,66.7,0.0
3306.T,日本製麻,スタンダード,3,-5.969369723385964,712.0,False,True,False,2025-12-14,2025-12-14,active,2,1,66.7,0.0
4875.T,メディシノバ・インク,スタンダード,10,-6.902656328197182,238.0,False,False,True,2025-12-14,2025-12-14,active,9,1,90.0,0.0
5998.T,アドバネクス,スタンダード,5,-6.189787627997471,1693.0,True,True,False,2025-12-14,2025-12-14,active,5,0,100.0,0.0
6173.T,アクアライン,グロース,18,-7.927047315789815,277.0,False,True,False,2025-12-14,2025-12-14,active,17,1,94.4,0.0
5856.T,エルアイイーエイチ,スタンダード,11,-6.845953621917596,31.0,False,False,True,2025-12-14,2025-12-14,active,11,0,100.0,0.0
3137.T,ファンデリー,グロース,5,-8.945566215006158,204.0,False,True,False,2025-12-14,2025-12-14,active,5,0,100.0,0.0
3541.T,農業総合研究所,グロース,3,-5.836764017357969,430.0,True,True,False,2025-12-14,2025-12-14,active,3,0,100.0,0.0
4598.T,Ｄｅｌｔａ−Ｆｌｙ　Ｐｈａｒｍａ,グロース,8,-7.801132749061141,542.0,False,True,False,2025-12-14,2025-12-14,active,7,1,87.5,0.0
6946.T,日本アビオニクス,スタンダード,8,-6.041359536845085,4880.0,False,True,False,2025-12-14,2025-12-14,active,8,0,100.0,0.0
5532.T,リアルゲイト,グロース,4,-8.706400983505734,2313.0,False,True,False,2025-12-14,2025-12-14,active,4,0,100.0,0.0
4464.T,ソフト９９コーポレーション,スタンダード,6,-8.314598491140863,4010.0,False,True,False,2025-12-14,2025-12-14,active,5,1,83.3,0.0
6573.T,アジャイルメディア・ネットワーク,グロース,4,-7.245831978626256,68.0,False,False,True,2025-12-14,2025-12-14,active,4,0,100.0,0.0
9367.T,大東港運,スタンダード,4,-13.019615659609661,1720.0,False,True,False,2025-12-14,2025-12-14,active,3,1,75.0,0.0
3667.T,ｅｎｉｓｈ,スタンダード,9,-6.206974242319327,57.0,False,False,True,2025-12-14,2025-12-14,active,9,0,100.0,0.0
4014.T,カラダノート,グロース,4,-9.865929226160835,478.0,False,True,False,2025-12-14,2025-12-14,active,3,1,75.0,0.0
5034.T,ｕｎｅｒｒｙ,グロース,5,-6.541190106254673,2453.0,False,True,False,2025-12-14,2025-12-14,active,5,0,100.0,0.0
6307.T,サンセイ,スタンダード,6,-7.066744577863353,567.0,False,True,False,2025-12-14,2025-12-14,active,6,0,100.0,0.0
4498.T,サイバートラスト,グロース,3,-6.4577737257815135,1202.0,True,True,False,2025-12-14,2025-12-14,active,3,0,100.0,0.0
3845.T,アイフリークモバイル,スタンダード,5,-7.699907901724711,232.0,False,True,False,2025-12-14,2025-12-14,active,4,1,80.0,0.0
6493.T,ＮＩＴＴＡＮ,スタンダード,3,-6.240857585554216,626.0,False,True,False,2025-12-14,2025-12-14,active,3,0,100.0,0.0
7527.T,システムソフト,スタンダード,13,-9.614196300696817,63.0,False,False,True,2025-12-14,2025-12-14,active,11,2,84.6,0.0
7072.T,インティメート・マージャー,グロース,4,-7.786927455212442,1069.0,False,True,False,2025-12-14,2025-12-14,active,4,0,100.0,0.0
6039.T,日本動物高度医療センター,グロース,3,-5.473074165478612,5350.0,False,True,False,2025-12-14,2025-12-14,active,3,0,100.0,0.0
8783.T,ａｂｃ,スタンダード,7,-7.168392737192414,249.0,False,True,False,2025-12-14,2025-12-14,active,6,1,85.7,0.0
7803.T,ブシロード,グロース,5,-6.133554122542628,300.0,True,True,False,2025-12-14,2025-12-14,active,5,0,100.0,0.0
3691.T,デジタルプラス,グロース,8,-8.13789654098826,1329.0,False,True,False,2025-12-14,2025-12-14,active,8,0,100.0,0.0
3997.T,トレードワークス,スタンダード,20,-8.876096432184355,361.0,True,True,False,2025-12-14,2025-12-14,active,18,2,90.0,0.0
7036.T,イーエムネットジャパン,グロース,4,-9.15612931352324,1047.0,False,True,False,2025-12-14,2025-12-14,active,4,0,100.0,0.0
190A.T,Ｃｈｏｒｄｉａ　Ｔｈｅｒａｐｅｕｔｉｃｓ,グロース,5,-10.251428310251839,107.0,False,True,False,2025-12-14,2025-12-14,active,4,1,80.0,0.0
2321.T,ソフトフロントホールディングス,グロース,7,-6.544810654141573,197.0,False,True,False,2025-12-14,2025-12-14,active,5,2,71.4,0.0
3083.T,スターシーズ,スタンダード,5,-6.867022399867329,668.0,False,True,False,2025-12-14,2025-12-14,active,4,1,80.0,0.0
4438.T,Ｗｅｌｂｙ,グロース,3,-15.108777662957465,281.0,False,True,False,2025-12-14,2025-12-14,active,3,0,100.0,0.0
3927.T,フーバーブレイン,グロース,3,-5.475506715010913,763.0,False,True,False,2025-12-14,2025-12-14,active,3,0,100.0,0.0
9145.T,ビーイングホールディングス,スタンダード,4,-6.599048623986413,826.0,True,True,False,2025-12-14,2025-12-14,active,4,0,100.0,0.0
3542.T,ベガコーポレーション,グロース,9,-6.555462331859922,1472.0,True,True,False,2025-12-14,2025-12-14,active,9,0,100.0,0.0
4896.T,ケイファーマ,グロース,5,-6.680814119762189,617.0,False,True,False,2025-12-14,2025-12-14,active,3,2,60.0,0.0
3195.T,ジェネレーションパス,グロース,8,-10.528190071134933,556.0,False,True,False,2025-12-14,2025-12-14,active,5,3,62.5,0.0
277A.T,グロービング,グロース,5,-7.480817674227149,2387.0,False,True,False,2025-12-14,2025-12-14,active,5,0,100.0,0.0
7256.T,河西工業,スタンダード,9,-10.666477318856444,139.0,False,True,False,2025-12-14,2025-12-14,active,7,2,77.8,0.0
6570.T,共和コーポレーション,スタンダード,3,-6.972470052496051,1104.0,True,True,False,2025-12-14,2025-12-14,active,2,1,66.7,0.0
6993.T,大黒屋ホールディングス,スタンダード,27,-8.928272207398606,78.0,False,False,True,2025-12-14,2025-12-14,active,24,3,88.9,0.0
2776.T,新都ホールディングス,スタンダード,6,-7.277325499882239,128.0,False,True,False,2025-12-14,2025-12-14,active,4,2,66.7,0.0
184A.T,学びエイド,グロース,4,-6.793947178234257,507.0,False,True,False,2025-12-14,2025-12-14,active,2,2,50.0,0.0
9159.T,Ｗ　ＴＯＫＹＯ,グロース,3,-5.364872715356085,1788.0,False,True,False,2025-12-14,2025-12-14,active,3,0,100.0,0.0
7760.T,ＩＭＶ,スタンダード,5,-5.739203829317933,2215.0,False,True,False,2025-12-14,2025-12-14,active,5,0,100.0,0.0
2338.T,クオンタムソリューションズ,スタンダード,14,-8.166298962767234,417.0,False,True,False,2025-12-14,2025-12-14,active,13,1,92.9,0.0
5729.T,日本精鉱,スタンダード,8,-8.139822383400263,9700.0,False,True,False,2025-12-14,2025-12-14,active,7,1,87.5,0.0
4579.T,ラクオリア創薬,グロース,8,-9.944544310268995,1211.0,False,True,False,2025-12-14,2025-12-14,active,8,0,100.0,0.0
3070.T,ジェリービーンズグループ,グロース,10,-7.654248100566927,78.0,False,False,True,2025-12-14,2025-12-14,active,9,1,90.0,0.0
7692.T,アースインフィニティ,スタンダード,5,-6.296598942663646,96.0,False,False,True,2025-12-14,2025-12-14,active,4,1,80.0,0.0
6022.T,赤阪鐵工所,スタンダード,11,-8.127574105186692,4325.0,False,True,False,2025-12-14,2025-12-14,active,11,0,100.0,0.0
5592.T,くすりの窓口,グロース,7,-7.651563379253598,2562.0,False,True,False,2025-12-14,2025-12-14,active,7,0,100.0,0.0
2334.T,イオレ,グロース,34,-9.22557303436973,351.0,False,True,False,2025-12-14,2025-12-14,active,27,7,79.4,0.0
3840.T,パス,スタンダード,6,-7.622380914818311,60.0,False,False,True,2025-12-14,2025-12-14,active,5,1,83.3,0.0
2986.T,ＬＡホールディングス,グロース,3,-5.801516288389281,7400.0,True,True,False,2025-12-14,2025-12-14,active,3,0,100.0,0.0
1407.T,ウエストホールディングス,スタンダード,5,-5.774373465175119,1386.0,True,True,False,2025-12-14,2025-12-14,active,5,0,100.0,0.0
5256.T,Ｆｕｓｉｃ,グロース,11,-9.446717206525502,2181.0,False,True,False,2025-12-14,2025-12-14,active,10,1,90.9,0.0
4935.T,リベルタ,スタンダード,10,-7.044453311275532,1860.0,False,True,False,2025-12-14,2025-12-14,active,9,1,90.0,0.0
6262.T,ＰＥＧＡＳＵＳ,スタンダード,3,-7.477045153976952,765.0,True,True,False,2025-12-14,2025-12-14,active,3,0,100.0,0.0
281A.T,インフォメティス,グロース,6,-6.512542864423036,413.0,False,True,False,2025-12-14,2025-12-14,active,6,0,100.0,0.0
6969.T,松尾電機,スタンダード,3,-9.611883276959054,829.0,False,True,False,2025-12-14,2025-12-14,active,2,1,66.7,0.0
2656.T,ベクターホールディングス,スタンダード,8,-11.91830639815038,119.0,False,True,False,2025-12-14,2025-12-14,active,5,3,62.5,0.0
3089.T,テクノアルファ,スタンダード,5,-7.5584430795172866,1249.0,True,True,False,2025-12-14,2025-12-14,active,4,1,80.0,0.0
4055.T,ティアンドエスグループ,グロース,6,-7.60085087878134,1456.0,True,True,False,2025-12-14,2025-12-14,active,6,0,100.0,0.0
402A.T,アクセルスペースホールディングス,グロース,17,-6.506291320313961,451.0,False,True,False,2025-12-14,2025-12-14,active,17,0,100.0,0.0
194A.T,ＷＯＬＶＥＳ　ＨＡＮＤ,グロース,15,-8.756856098848662,1690.0,False,True,False,2025-12-14,2025-12-14,active,13,2,86.7,0.0
9240.T,デリバリーコンサルティング,グロース,8,-13.189145838805086,532.0,False,True,False,2025-12-14,2025-12-14,active,6,2,75.0,0.0
195A.T,ＭＵＳＣＡＴ　ＧＲＯＵＰ,グロース,3,-6.038408427862669,802.0,False,True,False,2025-12-14,2025-12-14,active,2,1,66.7,0.0
4889.T,レナサイエンス,グロース,9,-10.992603559620186,1729.0,False,True,False,2025-12-14,2025-12-14,active,6,3,66.7,0.0
9978.T,文教堂グループホールディングス,スタンダード,4,-5.9089629499712775,50.0,False,False,True,2025-12-14,2025-12-14,active,4,0,100.0,0.0
9082.T,大和自動車交通,スタンダード,15,-9.681505680806453,1121.0,False,True,False,2025-12-14,2025-12-14,active,13,2,86.7,0.0
2970.T,グッドライフカンパニー,スタンダード,7,-6.591881383629454,838.0,False,True,False,2025-12-14,2025-12-14,active,6,1,85.7,0.0
6664.T,オプトエレクトロニクス,スタンダード,7,-10.336813902003367,326.0,True,True,False,2025-12-14,2025-12-14,active,6,1,85.7,0.0
3350.T,メタプラネット,スタンダード,18,-7.451486579742867,442.0,False,True,False,2025-12-14,2025-12-14,active,17,1,94.4,0.0
6786.T,ＲＶＨ,スタンダード,7,-6.955405554034479,50.0,False,False,True,2025-12-14,2025-12-14,active,7,0,100.0,0.0
4563.T,アンジェス,グロース,4,-6.102732215981561,61.0,False,False,True,2025-12-14,2025-12-14,active,4,0,100.0,0.0
9976.T,セキチュー,スタンダード,3,-11.70890809649729,1032.0,False,True,False,2025-12-14,2025-12-14,active,2,1,66.7,0.0
5273.T,三谷セキサン,スタンダード,5,-5.829943118488027,8270.0,True,True,False,2025-12-14,2025-12-14,active,4,1,80.0,0.0
5597.T,ブルーイノベーション,グロース,13,-6.996991336125581,1281.0,False,True,False,2025-12-14,2025-12-14,active,11,2,84.6,0.0
5026.T,トリプルアイズ,グロース,4,-7.037742844746565,706.0,False,True,False,2025-12-14,2025-12-14,active,4,0,100.0,0.0
9245.T,リベロ,グロース,3,-6.058194217362799,2760.0,False,True,False,2025-12-14,2025-12-14,active,2,1,66.7,0.0
7093.T,アディッシュ,グロース,11,-9.732462564431943,521.0,False,True,False,2025-12-14,2025-12-14,active,8,3,72.7,0.0
7776.T,セルシード,グロース,4,-7.2118548610716555,249.0,False,True,False,2025-12-14,2025-12-14,active,4,0,100.0,0.0
338A.T,ＺｅｎｍｕＴｅｃｈ,グロース,16,-7.7286622416864885,5250.0,False,True,False,2025-12-14,2025-12-14,active,15,1,93.8,0.0
1434.T,ＪＥＳＣＯホールディングス,スタンダード,4,-6.290755964803564,1410.0,True,True,False,2025-12-14,2025-12-14,active,4,0,100.0,0.0
9425.T,ＲｅＹｕｕ　Ｊａｐａｎ,スタンダード,10,-8.522114230286125,431.0,False,True,False,2025-12-14,2025-12-14,active,9,1,90.0,0.0
323A.T,フライヤー,グロース,4,-9.78938444631994,450.0,False,True,False,2025-12-14,2025-12-14,active,3,1,75.0,0.0
6907.T,ジオマテック,スタンダード,3,-7.182630403202279,1205.0,False,True,False,2025-12-14,2025-12-14,active,3,0,100.0,0.0
5028.T,セカンドサイトアナリティカ,グロース,3,-5.957473268738709,366.0,False,True,False,2025-12-14,2025-12-14,active,2,1,66.7,0.0
4970.T,東洋合成工業,スタンダード,3,-6.202454352113075,6640.0,False,True,False,2025-12-14,2025-12-14,active,3,0,100.0,0.0
5892.T,ｙｕｔｏｒｉ,グロース,12,-6.302294226534678,2301.0,False,True,False,2025-12-14,2025-12-14,active,12,0,100.0,0.0
7138.T,ＴＯＲＩＣＯ,グロース,11,-8.67217585466824,140.0,False,True,False,2025-12-14,2025-12-14,active,10,1,90.9,0.0
5994.T,ファインシンター,スタンダード,5,-7.347263445657177,1674.0,False,True,False,2025-12-14,2025-12-14,active,4,1,80.0,0.0
4777.T,ガーラ,スタンダード,3,-16.679078266392377,208.0,False,True,False,2025-12-14,2025-12-14,active,3,0,100.0,0.0
4387.T,ＺＵＵ,グロース,5,-6.382384380069285,613.0,False,True,False,2025-12-14,2025-12-14,active,4,1,80.0,0.0
4597.T,ソレイジア・ファーマ,グロース,5,-6.401376401376401,31.0,False,False,True,2025-12-14,2025-12-14,active,4,1,80.0,0.0
9242.T,メディア総研,グロース,9,-12.05203077809739,2017.0,False,True,False,2025-12-14,2025-12-14,active,6,3,66.7,0.0
6356.T,日本ギア工業,スタンダード,3,-7.028183240794891,841.0,True,True,False,2025-12-14,2025-12-14,active,2,1,66.7,0.0
4592.T,サンバイオ,グロース,17,-8.97730776412428,1646.0,False,True,False,2025-12-14,2025-12-14,active,17,0,100.0,0.0
5136.T,ｔｒｉｐｌａ,グロース,4,-5.336485400876344,1685.0,False,True,False,2025-12-14,2025-12-14,active,3,1,75.0,0.0
2345.T,クシム,スタンダード,4,-6.220523694003048,210.0,False,True,False,2025-12-14,2025-12-14,active,4,0,100.0,0.0
5574.T,ＡＢＥＪＡ,グロース,5,-6.553573575032468,2541.0,False,True,False,2025-12-14,2025-12-14,active,4,1,80.0,0.0
5027.T,ＡｎｙＭｉｎｄ　Ｇｒｏｕｐ,グロース,5,-6.64425581116908,521.0,False,True,False,2025-12-14,2025-12-14,active,5,0,100.0,0.0
3624.T,アクセルマーク,グロース,9,-8.436659654576399,90.0,False,False,True,2025-12-14,2025-12-14,active,8,1,88.9,0.0
4495.T,アイキューブドシステムズ,グロース,3,-5.62179986506674,2740.0,False,True,False,2025-12-14,2025-12-14,active,3,0,100.0,0.0
1850.T,南海辰村建設,スタンダード,4,-6.545983280004239,571.0,False,True,False,2025-12-14,2025-12-14,active,3,1,75.0,0.0
7946.T,光陽社,スタンダード,8,-7.159353938987035,1901.0,False,True,False,2025-12-14,2025-12-14,active,6,2,75.0,0.0
8894.T,ＲＥＶＯＬＵＴＩＯＮ,スタンダード,6,-7.646459899749374,54.0,False,False,True,2025-12-14,2025-12-14,active,6,0,100.0,0.0
5287.T,イトーヨーギョー,スタンダード,16,-7.649916959291286,1023.0,False,True,False,2025-12-14,2025-12-14,active,16,0,100.0,0.0
5341.T,ＡＳＡＨＩ　ＥＩＴＯホールディングス,スタンダード,8,-8.544248467523033,249.0,False,True,False,2025-12-14,2025-12-14,active,8,0,100.0,0.0
2435.T,シダー,スタンダード,3,-6.285263804009223,213.0,True,True,False,2025-12-14,2025-12-14,active,3,0,100.0,0.0
4261.T,アジアクエスト,グロース,4,-5.875779300445421,4610.0,False,True,False,2025-12-14,2025-12-14,active,4,0,100.0,0.0
2373.T,ケア２１,スタンダード,4,-6.4311385963385455,449.0,False,True,False,2025-12-14,2025-12-14,active,3,1,75.0,0.0
330A.T,ＴａｌｅｎｔＸ,グロース,3,-5.811021321205513,837.0,False,True,False,2025-12-14,2025-12-14,active,3,0,100.0,0.0
2164.T,地域新聞社,グロース,7,-7.949443564186125,253.0,False,False,True,2025-12-14,2025-12-14,active,7,0,100.0,0.0
9171.T,栗林商船,スタンダード,5,-6.2908411328360545,1942.0,False,True,False,2025-12-14,2025-12-14,active,5,0,100.0,0.0
3908.T,コラボス,グロース,4,-8.751430133135521,286.0,False,True,False,2025-12-14,2025-12-14,active,4,0,100.0,0.0
6044.T,三機サービス,スタンダード,3,-6.964110805019896,1974.0,False,True,False,2025-12-14,2025-12-14,active,3,0,100.0,0.0
6433.T,ヒーハイスト,スタンダード,15,-11.726745994331706,827.0,False,True,False,2025-12-14,2025-12-14,active,14,1,93.3,0.0
7603.T,ジーイエット,スタンダード,7,-9.166232330155736,155.0,False,True,False,2025-12-14,2025-12-14,active,7,0,100.0,0.0
8006.T,ユアサ・フナショク,スタンダード,4,-7.016728433609433,1649.0,False,True,False,2025-12-14,2025-12-14,active,4,0,100.0,0.0
7116.T,ダイワ通信,スタンダード,5,-7.262681043660085,787.0,False,True,False,2025-12-14,2025-12-14,active,5,0,100.0,0.0
6775.T,ＴＢグループ,スタンダード,5,-9.090997391789662,115.0,False,True,False,2025-12-14,2025-12-14,active,2,3,40.0,0.0
3237.T,イントランス,グロース,4,-5.343267843267843,68.0,False,False,True,2025-12-14,2025-12-14,active,3,1,75.0,0.0
198A.T,ＰｏｓｔＰｒｉｍｅ,グロース,13,-9.159021432829437,286.0,False,True,False,2025-12-14,2025-12-14,active,13,0,100.0,0.0
7837.T,アールシーコア,スタンダード,6,-15.248054312837397,359.0,False,True,False,2025-12-14,2025-12-14,active,6,0,100.0,0.0
7273.T,イクヨ,スタンダード,6,-7.348310637755447,740.0,False,True,False,2025-12-14,2025-12-14,active,6,0,100.0,0.0
3914.T,ＪＩＧ−ＳＡＷ,グロース,5,-9.73221935069761,2824.0,False,True,False,2025-12-14,2025-12-14,active,5,0,100.0,0.0
189A.T,Ｄ＆Ｍカンパニー,グロース,6,-6.662663196178703,958.0,False,True,False,2025-12-14,2025-12-14,active,5,1,83.3,0.0
9338.T,ＩＮＦＯＲＩＣＨ,グロース,3,-7.139835786334175,2136.0,False,True,False,2025-12-14,2025-12-14,active,3,0,100.0,0.0
4026.T,神島化学工業,スタンダード,3,-6.510625174684069,1552.0,True,True,False,2025-12-14,2025-12-14,active,3,0,100.0,0.0
5137.T,スマートドライブ,グロース,4,-5.820247846681525,356.0,True,True,False,2025-12-14,2025-12-14,active,4,0,100.0,0.0
290A.T,Ｓｙｎｓｐｅｃｔｉｖｅ,グロース,6,-7.251253916070943,1258.0,False,True,False,2025-12-14,2025-12-14,active,6,0,100.0,0.0
7806.T,ＭＴＧ,グロース,4,-7.642426418710492,4780.0,True,True,False,2025-12-14,2025-12-14,active,4,0,100.0,0.0
4420.T,イーソル,スタンダード,3,-9.482797826785651,507.0,True,True,False,2025-12-14,2025-12-14,active,3,0,100.0,0.0
4594.T,ブライトパス・バイオ,グロース,7,-10.022223008839976,50.0,False,False,True,2025-12-14,2025-12-14,active,7,0,100.0,0.0
4179.T,ジーネクスト,グロース,4,-9.613621522169197,322.0,False,True,False,2025-12-14,2025-12-14,active,2,2,50.0,0.0
3174.T,ハピネス・アンド・ディ,スタンダード,3,-7.2885443583118,588.0,False,True,False,2025-12-14,2025-12-14,active,2,1,66.7,0.0
2978.T,ツクルバ,グロース,5,-7.188254838213993,474.0,False,True,False,2025-12-14,2025-12-14,active,4,1,80.0,0.0
253A.T,ＥＴＳグループ,スタンダード,4,-7.97645291292176,992.0,True,True,False,2025-12-14,2025-12-14,active,3,1,75.0,0.0
5721.T,エス・サイエンス,スタンダード,22,-7.9446093002387865,123.0,False,False,True,2025-12-14,2025-12-14,active,21,1,95.5,0.0
7694.T,いつも,グロース,3,-9.524645647382036,585.0,False,True,False,2025-12-14,2025-12-14,active,3,0,100.0,0.0
2722.T,ＩＫホールディングス,スタンダード,3,-11.993859965468912,390.0,True,True,False,2025-12-14,2025-12-14,active,2,1,66.7,0.0
2998.T,クリアル,グロース,11,-7.853418793450459,859.0,False,True,False,2025-12-14,2025-12-14,active,11,0,100.0,0.0
5031.T,モイ,グロース,5,-6.786440372148846,340.0,False,True,False,2025-12-14,2025-12-14,active,3,2,60.0,0.0
4265.T,Ｉｎｓｔｉｔｕｔｉｏｎ　ｆｏｒ　ａ　Ｇｌｏｂａｌ　Ｓｏｃｉｅｔｙ,グロース,8,-12.761484097871767,310.0,False,True,False,2025-12-14,2025-12-14,active,6,2,75.0,0.0
9557.T,エアークローゼット,グロース,4,-7.269769904707877,260.0,False,True,False,2025-12-14,2025-12-14,active,4,0,100.0,0.0
3791.T,ＩＧポート,スタンダード,3,-6.137550372697857,1387.0,True,True,False,2025-12-14,2025-12-14,active,3,0,100.0,0.0
9816.T,ストライダーズ,スタンダード,5,-12.54531213896521,321.0,False,True,False,2025-12-14,2025-12-14,active,4,1,80.0,0.0
7066.T,ピアズ,グロース,3,-6.640242175843761,453.0,False,True,False,2025-12-14,2025-12-14,active,3,0,100.0,0.0
9241.T,フューチャーリンクネットワーク,グロース,12,-7.094574919447723,1762.0,False,True,False,2025-12-14,2025-12-14,active,11,1,91.7,0.0
4570.T,免疫生物研究所,グロース,9,-12.496761221945112,1453.0,False,True,False,2025-12-14,2025-12-14,active,8,1,88.9,0.0
6227.T,ＡＩメカテック,スタンダード,4,-6.796832341231003,4670.0,True,True,False,2025-12-14,2025-12-14,active,4,0,100.0,0.0
2743.T,ピクセルカンパニーズ,スタンダード,25,-10.217287771607012,39.0,False,False,True,2025-12-14,2025-12-14,active,24,1,96.0,0.0
299A.T,クラシル,グロース,4,-7.041368563174899,1169.0,False,True,False,2025-12-14,2025-12-14,active,4,0,100.0,0.0
7983.T,ミロク,スタンダード,5,-7.517166084398004,1203.0,False,True,False,2025-12-14,2025-12-14,active,4,1,80.0,0.0
4316.T,ビーマップ,グロース,22,-9.827621335652507,1270.0,False,True,False,2025-12-14,2025-12-14,active,17,5,77.3,0.0
5724.T,アサカ理研,スタンダード,17,-7.1133095985518615,2116.0,False,True,False,2025-12-14,2025-12-14,active,16,1,94.1,0.0
6029.T,アトラグループ,スタンダード,8,-6.907471993479758,181.0,False,True,False,2025-12-14,2025-12-14,active,7,1,87.5,0.0
2721.T,ジェイホールディングス,スタンダード,12,-7.904741906002477,180.0,False,True,False,2025-12-14,2025-12-14,active,9,3,75.0,0.0
7886.T,ヤマト　モビリティ　＆　Ｍｆｇ．,スタンダード,7,-6.869629730576767,884.0,False,True,False,2025-12-14,2025-12-14,active,4,3,57.1,0.0
3323.T,レカム,スタンダード,15,-7.996650861440636,80.0,False,False,True,2025-12-14,2025-12-14,active,14,1,93.3,0.0
6177.T,ＡｐｐＢａｎｋ,グロース,26,-7.864216459044986,116.0,False,True,False,2025-12-14,2025-12-14,active,24,2,92.3,0.0
6597.T,ＨＰＣシステムズ,グロース,4,-6.5951439586941945,1621.0,False,True,False,2025-12-14,2025-12-14,active,4,0,100.0,0.0
6599.T,エブレン,スタンダード,3,-7.34353210643615,2668.0,False,True,False,2025-12-14,2025-12-14,active,3,0,100.0,0.0
5578.T,ＡＲアドバンストテクノロジ,グロース,6,-17.38353932555146,1090.0,False,True,False,2025-12-14,2025-12-14,active,4,2,66.7,0.0
175A.T,Ｗｉｌｌ　Ｓｍａｒｔ,グロース,8,-8.051455784107933,826.0,False,True,False,2025-12-14,2025-12-14,active,7,1,87.5,0.0
143A.T,イシン,グロース,4,-7.533531962881106,820.0,False,True,False,2025-12-14,2025-12-14,active,4,0,100.0,0.0
2330.T,フォーサイド,スタンダード,4,-6.1935203103074,177.0,False,True,False,2025-12-14,2025-12-14,active,4,0,100.0,0.0
4588.T,オンコリスバイオファーマ,グロース,8,-7.062129362400479,1061.0,False,True,False,2025-12-14,2025-12-14,active,8,0,100.0,0.0
304A.T,フォルシア,グロース,3,-6.203699842252571,1961.0,False,True,False,2025-12-14,2025-12-14,active,3,0,100.0,0.0
3935.T,エディア,スタンダード,4,-9.704141576270423,933.0,False,True,False,2025-12-14,2025-12-14,active,3,1,75.0,0.0
9253.T,スローガン,グロース,5,-7.5641769367890515,800.0,False,True,False,2025-12-14,2025-12-14,active,5,0,100.0,0.0
7640.T,トップカルチャー,スタンダード,20,-9.787454194368962,245.0,True,True,False,2025-12-14,2025-12-14,active,18,2,90.0,0.0
3134.T,Ｈａｍｅｅ,スタンダード,3,-7.684884662956942,528.0,True,True,False,2025-12-14,2025-12-14,active,3,0,100.0,0.0
3536.T,アクサスホールディングス,スタンダード,3,-7.422839506172839,126.0,False,True,False,2025-12-14,2025-12-14,active,2,1,66.7,0.0
4073.T,ジィ・シィ企画,グロース,3,-7.4596739067257785,577.0,False,True,False,2025-12-14,2025-12-14,active,1,2,33.3,0.0
3664.T,モブキャストホールディングス,グロース,14,-6.811036839728053,34.0,False,False,True,2025-12-14,2025-12-14,active,13,1,92.9,0.0
1844.T,大盛工業,スタンダード,17,-7.209033673290294,480.0,False,True,False,2025-12-14,2025-12-14,active,17,0,100.0,0.0
7090.T,リグア,グロース,5,-15.043183924808512,902.0,False,True,False,2025-12-14,2025-12-14,active,3,2,60.0,0.0
6548.T,旅工房,グロース,5,-12.123951392726651,127.0,False,True,False,2025-12-14,2025-12-14,active,4,1,80.0,0.0
4575.T,キャンバス,グロース,4,-7.559738805335149,820.0,False,True,False,2025-12-14,2025-12-14,active,4,0,100.0,0.0
8918.T,ランド,スタンダード,23,-10.0,10.0,False,False,True,2025-12-14,2025-12-14,active,22,1,95.7,0.0
4397.T,チームスピリット,グロース,3,-6.612759720176601,500.0,False,True,False,2025-12-14,2025-12-14,active,3,0,100.0,0.0
6347.T,プラコー,スタンダード,16,-8.50003127874068,315.0,False,True,False,2025-12-14,2025-12-14,active,13,3,81.2,0.0
6736.T,サン電子,スタンダード,4,-7.620842511124248,8980.0,False,True,False,2025-12-14,2025-12-14,active,4,0,100.0,0.0
3719.T,ＡＩストーム,スタンダード,14,-8.729217596549995,254.0,False,True,False,2025-12-14,2025-12-14,active,10,4,71.4,0.0
3825.T,リミックスポイント,スタンダード,8,-7.495793857261008,278.0,False,True,False,2025-12-14,2025-12-14,active,4,4,50.0,0.0
334A.T,ビジュアル・プロセッシング・ジャパン,グロース,4,-11.853875998147974,1734.0,False,True,False,2025-12-14,2025-12-14,active,4,0,100.0,0.0
3121.T,マーチャント・バンカーズ,スタンダード,4,-9.169334087665854,218.0,False,True,False,2025-12-14,2025-12-14,active,4,0,100.0,0.0
3723.T,日本ファルコム,グロース,3,-7.299526967463493,1532.0,False,True,False,2025-12-14,2025-12-14,active,3,0,100.0,0.0
5955.T,ワイズホールディングス,スタンダード,3,-6.614431582539307,77.0,True,True,False,2025-12-14,2025-12-14,active,2,1,66.7,0.0
4056.T,ニューラルグループ,グロース,4,-6.4351083965184515,407.0,False,True,False,2025-12-14,2025-12-14,active,3,1,75.0,0.0
319A.T,技術承継機構,グロース,9,-6.2442973918091695,9270.0,False,True,False,2025-12-14,2025-12-14,active,8,1,88.9,0.0
6574.T,コンヴァノ,グロース,21,-8.583412294930485,101.0,False,True,False,2025-12-14,2025-12-14,active,16,5,76.2,0.0
2323.T,ｆｏｎｆｕｎ,スタンダード,5,-9.5440931925353,817.0,False,True,False,2025-12-14,2025-12-14,active,2,3,40.0,0.0
7018.T,内海造船,スタンダード,12,-7.600897281282424,15350.0,False,True,False,2025-12-14,2025-12-14,active,11,1,91.7,0.0
2158.T,ＦＲＯＮＴＥＯ,グロース,6,-6.62557001261681,826.0,False,True,False,2025-12-14,2025-12-14,active,6,0,100.0,0.0
4493.T,サイバーセキュリティクラウド,グロース,3,-5.367765793383497,1736.0,True,True,False,2025-12-14,2025-12-14,active,3,0,100.0,0.0
6613.T,ＱＤレーザ,グロース,6,-6.75533033952465,325.0,False,True,False,2025-12-14,2025-12-14,active,6,0,100.0,0.0
280A.T,ＴＭＨ,グロース,5,-5.417991391698118,925.0,False,True,False,2025-12-14,2025-12-14,active,4,1,80.0,0.0
6580.T,ライトアップ,グロース,3,-6.518202064780131,2960.0,True,True,False,2025-12-14,2025-12-14,active,3,0,100.0,0.0
3138.T,富士山マガジンサービス,グロース,3,-6.8263671624590385,952.0,False,False,False,2025-12-14,2025-12-14,new,3,0,100.0,0.0
4937.T,Ｗａｑｏｏ,グロース,3,-12.652882286668723,1392.0,False,False,False,2025-12-14,2025-12-14,new,3,0,100.0,0.0
4572.T,カルナバイオサイエンス,グロース,3,-11.30743938414431,370.0,False,False,False,2025-12-14,2025-12-14,new,3,0,100.0,0.0
4591.T,リボミック,グロース,4,-9.322992751506044,77.0,False,False,False,2025-12-14,2025-12-14,new,4,0,100.0,0.0
157A.T,グリーンモンスター,グロース,3,-18.34449811400065,970.0,False,False,False,2025-12-14,2025-12-14,new,3,0,100.0,0.0
244A.T,グロースエクスパートナーズ,グロース,3,-6.548972798324762,1752.0,False,False,False,2025-12-14,2025-12-14,new,2,1,66.7,0.0
4234.T,サンエー化研,スタンダード,3,-7.1747607115359955,827.0,False,False,False,2025-12-14,2025-12-14,new,3,0,100.0,0.0
3444.T,菊池製作所,スタンダード,3,-15.144832268108269,593.0,False,False,False,2025-12-14,2025-12-14,new,3,0,100.0,0.0
4192.T,スパイダープラス,グロース,3,-9.6480315221217,305.0,False,False,False,2025-12-14,2025-12-14,new,3,0,100.0,0.0
7031.T,インバウンドテック,グロース,3,-6.174357039552286,679.0,False,False,False,2025-12-14,2025-12-14,new,3,0,100.0,0.0
7779.T,ＣＹＢＥＲＤＹＮＥ,グロース,6,-6.180270653412287,186.0,False,False,False,2025-12-14,2025-12-14,new,6,0,100.0,0.0
8209.T,フレンドリー,スタンダード,3,-10.048064593519138,295.0,False,False,False,2025-12-14,2025-12-14,new,1,2,33.3,0.0
5449.T,大阪製鐵,スタンダード,3,-5.257901348585191,2752.0,False,False,False,2025-12-14,2025-12-14,new,3,0,100.0,0.0
2991.T,ランドネット,スタンダード,3,-21.48263238018295,655.0,False,False,False,2025-12-14,2025-12-14,new,2,1,66.7,0.0
5580.T,プロディライト,グロース,3,-13.481815613503398,1470.0,False,False,False,2025-12-14,2025-12-14,new,1,2,33.3,0.0
3985.T,テモナ,スタンダード,4,-8.083071025747026,214.0,False,False,False,2025-12-14,2025-12-14,new,4,0,100.0,0.0
6862.T,ミナトホールディングス,スタンダード,3,-5.835109207247828,1319.0,False,False,False,2025-12-14,2025-12-14,new,3,0,100.0,0.0
4395.T,アクリート,グロース,3,-8.520846506428542,1108.0,False,False,False,2025-12-14,2025-12-14,new,3,0,100.0,0.0
3628.T,データホライゾン,グロース,4,-6.747943105466989,503.0,False,False,False,2025-12-14,2025-12-14,new,3,1,75.0,0.0
7815.T,東京ボード工業,スタンダード,3,-5.589657265407351,454.0,False,False,False,2025-12-14,2025-12-14,new,3,0,100.0,0.0
335A.T,ミライロ,グロース,3,-5.467703231906941,392.0,False,False,False,2025-12-14,2025-12-14,new,3,0,100.0,0.0
7585.T,かんなん丸,スタンダード,3,-11.226606714228707,425.0,False,False,False,2025-12-14,2025-12-14,new,1,2,33.3,0.0
4883.T,モダリス,グロース,3,-6.801773106120932,63.0,False,False,True,2025-12-14,2025-12-14,removed,3,0,100.0,66.66666666666666
6267.T,ゼネラルパッカー,スタンダード,3,-7.936660065301737,3785.0,False,True,False,2025-12-14,2025-12-14,removed,3,0,100.0,33.33333333333333
7271.T,安永,スタンダード,4,-5.472739573561107,999.0,False,True,False,2025-12-14,2025-12-14,removed,3,1,75.0,100.0
6327.T,北川精機,スタンダード,3,-5.320487438142955,846.0,False,True,False,2025-12-14,2025-12-14,removed,3,0,100.0,100.0
9330.T,揚羽,グロース,4,-5.828051694396123,804.0,False,True,False,2025-12-14,2025-12-14,removed,2,2,50.0,100.0
9337.T,トリドリ,グロース,3,-5.923443981825834,2955.0,False,True,False,2025-12-14,2025-12-14,removed,3,0,100.0,100.0
6864.T,エヌエフホールディングス,スタンダード,3,-6.103622886879282,1138.0,False,True,False,2025-12-14,2025-12-14,removed,3,0,100.0,66.66666666666666
5134.T,ＰＯＰＥＲ,グロース,3,-8.492619114003752,843.0,False,True,False,2025-12-14,2025-12-14,removed,3,0,100.0,66.66666666666666
5247.T,ＢＴＭ,グロース,3,-7.381291208189142,798.0,False,True,False,2025-12-14,2025-12-14,removed,2,1,66.7,50.0
3810.T,サイバーステップ,スタンダード,3,-9.62778982427674,297.0,False,True,False,2025-12-14,2025-12-14,removed,2,1,66.7,50.0
3494.T,マリオン,スタンダード,3,-5.660643633054696,383.0,False,True,False,2025-12-14,2025-12-14,removed,3,0,100.0,66.66666666666666
3267.T,フィル・カンパニー,スタンダード,3,-6.8253480115112595,912.0,False,True,False,2025-12-14,2025-12-14,removed,3,0,100.0,100.0
3187.T,ミラタップ,グロース,3,-9.220738618334057,277.0,True,True,False,2025-12-14,2025-12-14,removed,3,0,100.0,33.33333333333333
6171.T,土木管理総合試験所,スタンダード,3,-6.52020787355888,422.0,False,True,False,2025-12-14,2025-12-14,removed,3,0,100.0,66.66666666666666
4013.T,勤次郎,グロース,3,-6.950299202845184,1274.0,True,True,False,2025-12-14,2025-12-14,removed,3,0,100.0,100.0
147A.T,ソラコム,グロース,3,-5.654920247459697,1057.0,True,True,False,2025-12-14,2025-12-14,removed,3,0,100.0,100.0
1443.T,技研ホールディングス,スタンダード,3,-6.330236918806261,232.0,False,True,False,2025-12-14,2025-12-14,removed,3,0,100.0,100.0
7416.T,はるやまホールディングス,スタンダード,3,-5.415567154566406,699.0,True,True,False,2025-12-14,2025-12-14,removed,3,0,100.0,66.66666666666666
4441.T,トビラシステムズ,スタンダード,3,-7.893557801968835,1028.0,False,True,False,2025-12-14,2025-12-14,removed,3,0,100.0,100.0
9854.T,愛眼,スタンダード,3,-7.879534172899969,199.0,False,True,False,2025-12-14,2025-12-14,removed,3,0,100.0,66.66666666666666
3266.T,ファンドクリエーショングループ,スタンダード,3,-8.885991375637026,87.0,False,False,True,2025-12-14,2025-12-14,removed,3,0,100.0,66.66666666666666
254A.T,ＡＩフュージョンキャピタルグループ,スタンダード,3,-6.631431380709617,881.0,False,True,False,2025-12-14,2025-12-14,removed,2,1,66.7,100.0
4389.T,プロパティデータバンク,グロース,3,-7.53188551911733,803.0,False,True,False,2025-12-14,2025-12-14,removed,2,1,66.7,100.0
5248.T,テクノロジーズ,グロース,3,-6.45369735628775,557.0,False,True,False,2025-12-14,2025-12-14,removed,1,2,33.3,100.0
4376.T,くふうカンパニーホールディングス,グロース,3,-6.745642268083777,171.0,False,True,False,2025-12-14,2025-12-14,removed,3,0,100.0,100.0
423A.T,ライオン事務器,スタンダード,3,-13.526551737933852,313.0,False,True,False,2025-12-14,2025-12-14,removed,3,0,100.0,66.66666666666666
6366.T,千代田化工建設,スタンダード,3,-7.1575632151738615,689.0,True,True,False,2025-12-14,2025-12-14,removed,3,0,100.0,100.0
6403.T,水道機工,スタンダード,4,-6.465939322884269,3025.0,False,True,False,2025-12-14,2025-12-14,removed,4,0,100.0,25.0
9331.T,キャスター,グロース,3,-7.935139530032804,803.0,False,True,False,2025-12-14,2025-12-14,removed,1,2,33.3,100.0
145A.T,Ｌ　ｉｓ　Ｂ,グロース,3,-6.842816797680915,988.0,False,True,False,2025-12-14,2025-12-14,removed,3,0,100.0,66.66666666666666
